<?xml version="1.0" encoding="utf-8"?>
<!--/11595689/1736001/2.50/7/3/Switch/-->
<quadcept_library>
  <setting unit="mil" />
  <textstyle name="Default" height="47.244094488189" strokewidth="7.8740157480315" charwidth="47.244094488189" />
  <textstyle name="Dimension" height="19.6850393700787" strokewidth="0" charwidth="19.6850393700787" />
  <textstyle name="H127W0635TH00762" height="50" strokewidth="3" charwidth="25" />
  <textstyle name="H15W15TH02" height="59.0551181102362" strokewidth="7.8740157480315" charwidth="59.0551181102362" />
  <padstyle name="r220_100" surface="True" plated="False" isvia="False" nopaste="False" nomask="True" complex="False" holesize="0">
    <padshape layer="TOP" shape="rectangle" width="39.370078740157" height="86.614173228345" />
    <padshape layer="TOP_SOLDER_MASK" shape="rectangle" width="47.244094488188" height="94.488188976377" />
    <padshape layer="TOP_SOLDER_PASTE" shape="rectangle" width="39.370078740157" height="86.614173228345" />
  </padstyle>
  <padstyle name="c50_h100" surface="False" plated="True" isvia="False" nopaste="True" nomask="True" complex="False" holesize="39.370078740157">
    <padshape layer="TOP" shape="round" width="19.685039370078" height="19.685039370078" />
    <padshape layer="TOP_SOLDER_MASK" shape="round" width="27.55905511811" height="27.55905511811" />
    <padshape layer="INNER" shape="round" width="19.685039370078" height="19.685039370078" />
    <padshape layer="BOTTOM" shape="round" width="19.685039370078" height="19.685039370078" />
    <padshape layer="BOTTOM_SOLDER_MASK" shape="round" width="27.55905511811" height="27.55905511811" />
  </padstyle>
  <footprint name="228EMVARGBFR" originx="0" originy="0" pickpointx="0" pickpointy="0">
    <pcbpin number="1" name="1" style="c50_h100" originx="68.897637795275" originy="66.929133858267" rotation="90" />
    <pcbpin number="2" name="2" style="c50_h100" originx="-68.897637795275" originy="66.929133858267" rotation="90" />
    <pcbpin number="3" name="A1" style="r220_100" originx="177.16535433071" originy="35.433070866141" rotation="90" />
    <pcbpin number="4" name="B1" style="r220_100" originx="177.16535433071" originy="98.425196850392" rotation="90" />
    <pcbpin number="5" name="B2" style="r220_100" originx="-177.16535433071" originy="98.425196850392" rotation="90" />
    <pcbpin number="6" name="L1" style="r220_100" originx="177.16535433071" originy="-98.425196850392" rotation="90" />
    <pcbpin number="7" name="L2" style="r220_100" originx="177.16535433071" originy="-35.433070866141" rotation="90" />
    <pcbpin number="8" name="L3" style="r220_100" originx="-177.16535433071" originy="-98.425196850392" rotation="90" />
    <pcbpin number="9" name="L4" style="r220_100" originx="-177.16535433071" originy="-35.433070866141" rotation="90" />
    <line layer="TOP_ASSEMBLY" originx="-133.85826771653" originy="141.73228346457" endx="133.85826771653" endy="141.73228346457" width="3.9370078740157" />
    <line layer="TOP_ASSEMBLY" originx="133.85826771653" originy="141.73228346457" endx="133.85826771653" endy="-141.73228346457" width="3.9370078740157" />
    <line layer="TOP_ASSEMBLY" originx="133.85826771653" originy="-141.73228346457" endx="-133.85826771653" endy="-141.73228346457" width="3.9370078740157" />
    <line layer="TOP_ASSEMBLY" originx="-133.85826771653" originy="-141.73228346457" endx="-133.85826771653" endy="141.73228346457" width="3.9370078740157" />
    <line layer="TOP_PLACE_BOUND" originx="-259.84251968504" originy="181.10236220472" endx="259.84251968504" endy="181.10236220472" width="3.9370078740157" />
    <line layer="TOP_PLACE_BOUND" originx="259.84251968504" originy="181.10236220472" endx="259.84251968504" endy="-181.10236220472" width="3.9370078740157" />
    <line layer="TOP_PLACE_BOUND" originx="259.84251968504" originy="-181.10236220472" endx="-259.84251968504" endy="-181.10236220472" width="3.9370078740157" />
    <line layer="TOP_PLACE_BOUND" originx="-259.84251968504" originy="-181.10236220472" endx="-259.84251968504" endy="181.10236220472" width="3.9370078740157" />
    <line layer="TOP_SILKSCREEN" originx="-133.85826771653" originy="133.85826771653" endx="-133.85826771653" endy="141.73228346457" width="7.8740157480314" />
    <line layer="TOP_SILKSCREEN" originx="-133.85826771653" originy="141.73228346457" endx="133.85826771653" endy="141.73228346457" width="7.8740157480314" />
    <line layer="TOP_SILKSCREEN" originx="133.85826771653" originy="141.73228346457" endx="133.85826771653" endy="133.85826771653" width="7.8740157480314" />
    <line layer="TOP_SILKSCREEN" originx="133.85826771653" originy="-133.85826771653" endx="133.85826771653" endy="-141.73228346457" width="7.8740157480314" />
    <line layer="TOP_SILKSCREEN" originx="133.85826771653" originy="-141.73228346457" endx="-133.85826771653" endy="-141.73228346457" width="7.8740157480314" />
    <line layer="TOP_SILKSCREEN" originx="-133.85826771653" originy="-141.73228346457" endx="-133.85826771653" endy="-133.85826771653" width="7.8740157480314" />
    <line layer="TOP_SILKSCREEN" originx="236.22047244094" originy="35.433070866141" endx="236.22047244094" endy="35.433070866141" width="3.9370078740157" />
    <arc layer="TOP_SILKSCREEN" originx="238.18897637795" originy="35.433070866141" startangle="180.0" sweepangle="180.0" radius="1.9685039370078" width="3.9370078740157" />
    <line layer="TOP_SILKSCREEN" originx="240.15748031496" originy="35.433070866141" endx="240.15748031496" endy="35.433070866141" width="3.9370078740157" />
    <arc layer="TOP_SILKSCREEN" originx="238.18897637795" originy="35.433070866141" startangle=".0" sweepangle="180.0" radius="1.9685039370078" width="3.9370078740157" />
  </footprint>
  <symbol name="228EMVARGBFR" originx="0" originy="0">
    <line originx="200" originy="100" endx="1200" endy="100" width="0" />
    <line originx="1200" originy="-400" endx="1200" endy="100" width="0" />
    <line originx="1200" originy="-400" endx="200" endy="-400" width="0" />
    <line originx="200" originy="100" endx="200" endy="-400" width="0" />
    <sympin number="1" originx="1200" originy="-100" rotation="0" length="100" width="7.8740157480315" flipped="False">
      <text name="pinname" originx="1170" originy="-100" style="Default" rotation="0" justify="right" flipped="False" hidden="False" data="COM" />
      <text name="pindes" originx="1260" originy="-80" style="Default" rotation="0" justify="lowerleft" flipped="False" hidden="False" data="A1" />
    </sympin>
    <sympin number="2" originx="1200" originy="0" rotation="0" length="100" width="7.8740157480315" flipped="False">
      <text name="pinname" originx="1170" originy="0" style="Default" rotation="0" justify="right" flipped="False" hidden="False" data="NO_1" />
      <text name="pindes" originx="1260" originy="20" style="Default" rotation="0" justify="lowerleft" flipped="False" hidden="False" data="B1" />
    </sympin>
    <sympin number="3" originx="200" originy="0" rotation="180" length="100" width="7.8740157480315" flipped="False">
      <text name="pinname" originx="230" originy="0" style="Default" rotation="0" justify="left" flipped="False" hidden="False" data="NO_2" />
      <text name="pindes" originx="140" originy="20" style="Default" rotation="0" justify="lowerright" flipped="False" hidden="False" data="B2" />
    </sympin>
    <sympin number="4" originx="1200" originy="-300" rotation="0" length="100" width="7.8740157480315" flipped="False">
      <text name="pinname" originx="1170" originy="-300" style="Default" rotation="0" justify="right" flipped="False" hidden="False" data="COM_A" />
      <text name="pindes" originx="1260" originy="-280" style="Default" rotation="0" justify="lowerleft" flipped="False" hidden="False" data="L1" />
    </sympin>
    <sympin number="5" originx="1200" originy="-200" rotation="0" length="100" width="7.8740157480315" flipped="False">
      <text name="pinname" originx="1170" originy="-200" style="Default" rotation="0" justify="right" flipped="False" hidden="False" data="K_GREEN" />
      <text name="pindes" originx="1260" originy="-180" style="Default" rotation="0" justify="lowerleft" flipped="False" hidden="False" data="L2" />
    </sympin>
    <sympin number="6" originx="200" originy="-200" rotation="180" length="100" width="7.8740157480315" flipped="False">
      <text name="pinname" originx="230" originy="-200" style="Default" rotation="0" justify="left" flipped="False" hidden="False" data="K_RED" />
      <text name="pindes" originx="140" originy="-180" style="Default" rotation="0" justify="lowerright" flipped="False" hidden="False" data="L3" />
    </sympin>
    <sympin number="7" originx="200" originy="-100" rotation="180" length="100" width="7.8740157480315" flipped="False">
      <text name="pinname" originx="230" originy="-100" style="Default" rotation="0" justify="left" flipped="False" hidden="False" data="K_BLUE" />
      <text name="pindes" originx="140" originy="-80" style="Default" rotation="0" justify="lowerright" flipped="False" hidden="False" data="L4" />
    </sympin>
  </symbol>
  <component name="228EMVARGBFR" designatorprefix="S" height="224.40944881889" footprint="228EMVARGBFR">
    <comppin designator="A1" sympin="1" pinswap="0" gateswap="0" gate="1" group="1" side="" type="Any" name="COM" />
    <comppin designator="B1" sympin="2" pinswap="0" gateswap="0" gate="1" group="1" side="" type="Any" name="NO_1" />
    <comppin designator="B2" sympin="3" pinswap="0" gateswap="0" gate="1" group="1" side="" type="Any" name="NO_2" />
    <comppin designator="L1" sympin="4" pinswap="0" gateswap="0" gate="1" group="1" side="" type="Any" name="COM_A" />
    <comppin designator="L2" sympin="5" pinswap="0" gateswap="0" gate="1" group="1" side="" type="Any" name="K_GREEN" />
    <comppin designator="L3" sympin="6" pinswap="0" gateswap="0" gate="1" group="1" side="" type="Any" name="K_RED" />
    <comppin designator="L4" sympin="7" pinswap="0" gateswap="0" gate="1" group="1" side="" type="Any" name="K_BLUE" />
    <attached_symbol gate="1" name="228EMVARGBFR" />
    <pinmap designator="A1" footprintpin="1" />
    <pinmap designator="B1" footprintpin="2" />
    <pinmap designator="B2" footprintpin="3" />
    <pinmap designator="L1" footprintpin="4" />
    <pinmap designator="L2" footprintpin="5" />
    <pinmap designator="L3" footprintpin="6" />
    <pinmap designator="L4" footprintpin="7" />
    <text name="Datasheet" originx="0" originy="0" style="Default" rotation="0" justify="" flipped="False" hidden="True" data="https://www.ctscorp.com/Files/DataSheets/Switches/Tactile-Switches/CTS-Switches-Tactile-228E-Series-Datasheet.pdf" />
    <text name="Description" originx="0" originy="0" style="Default" rotation="0" justify="" flipped="False" hidden="True" data="Tactile Switches LED tact sw, gullwing, vertical, red,green&amp;blue flat led" />
    <text name="Manufacturer_Name" originx="0" originy="0" style="Default" rotation="0" justify="" flipped="False" hidden="True" data="CTS" />
    <text name="Manufacturer_Part_Number" originx="1250" originy="200" style="Default" rotation="0" justify="left" flipped="False" hidden="False" data="228EMVARGBFR" />
    <text name="Mouser Part Number" originx="0" originy="0" style="Default" rotation="0" justify="" flipped="False" hidden="True" data="774-228EMVARGBFR" />
    <text name="Mouser Price/Stock" originx="0" originy="0" style="Default" rotation="0" justify="" flipped="False" hidden="True" data="https://www.mouser.co.uk/ProductDetail/CTS-Electronic-Components/228EMVARGBFR?qs=BJlw7L4Cy7%2FeuEuJlsaHQw%3D%3D" />
    <text name="Arrow Part Number" originx="0" originy="0" style="Default" rotation="0" justify="" flipped="False" hidden="True" data="" />
    <text name="Arrow Price/Stock" originx="0" originy="0" style="Default" rotation="0" justify="" flipped="False" hidden="True" data="" />
  </component>
</quadcept_library>
